<annotation>
	<folder>train</folder>
	<filename>Cars8.png</filename>
	<path>/Users/vipulchauhan/Desktop/Project/pythonProject/Automatic-Licence-Plate-Recognition/training/images/train/Cars8.png</path>
	<source>
		<database>Unknown</database>
	</source>
	<size>
		<width>442</width>
		<height>333</height>
		<depth>3</depth>
	</size>
	<segmented>0</segmented>
	<object>
		<name>licence</name>
		<pose>Unspecified</pose>
		<truncated>0</truncated>
		<difficult>0</difficult>
		<bndbox>
			<xmin>163</xmin>
			<ymin>223</ymin>
			<xmax>275</xmax>
			<ymax>248</ymax>
		</bndbox>
	</object>
</annotation>
