<annotation>
	<folder>train</folder>
	<filename>Cars4.png</filename>
	<path>/Users/vipulchauhan/Desktop/Project/pythonProject/Automatic-Licence-Plate-Recognition/training/images/train/Cars4.png</path>
	<source>
		<database>Unknown</database>
	</source>
	<size>
		<width>590</width>
		<height>350</height>
		<depth>3</depth>
	</size>
	<segmented>0</segmented>
	<object>
		<name>licence</name>
		<pose>Unspecified</pose>
		<truncated>0</truncated>
		<difficult>0</difficult>
		<bndbox>
			<xmin>86</xmin>
			<ymin>59</ymin>
			<xmax>530</xmax>
			<ymax>242</ymax>
		</bndbox>
	</object>
</annotation>
