<annotation>
	<folder>train</folder>
	<filename>Cars5.png</filename>
	<path>/Users/vipulchauhan/Desktop/Project/pythonProject/Automatic-Licence-Plate-Recognition/training/images/train/Cars5.png</path>
	<source>
		<database>Unknown</database>
	</source>
	<size>
		<width>500</width>
		<height>375</height>
		<depth>3</depth>
	</size>
	<segmented>0</segmented>
	<object>
		<name>licence</name>
		<pose>Unspecified</pose>
		<truncated>0</truncated>
		<difficult>0</difficult>
		<bndbox>
			<xmin>109</xmin>
			<ymin>104</ymin>
			<xmax>381</xmax>
			<ymax>247</ymax>
		</bndbox>
	</object>
</annotation>
