<annotation>
	<folder>train</folder>
	<filename>Cars6.png</filename>
	<path>/Users/vipulchauhan/Desktop/Project/pythonProject/Automatic-Licence-Plate-Recognition/training/images/train/Cars6.png</path>
	<source>
		<database>Unknown</database>
	</source>
	<size>
		<width>400</width>
		<height>279</height>
		<depth>3</depth>
	</size>
	<segmented>0</segmented>
	<object>
		<name>licence</name>
		<pose>Unspecified</pose>
		<truncated>0</truncated>
		<difficult>0</difficult>
		<bndbox>
			<xmin>166</xmin>
			<ymin>136</ymin>
			<xmax>209</xmax>
			<ymax>154</ymax>
		</bndbox>
	</object>
</annotation>
