<annotation>
	<folder>train</folder>
	<filename>Cars7.png</filename>
	<path>/Users/vipulchauhan/Desktop/Project/pythonProject/Automatic-Licence-Plate-Recognition/training/images/train/Cars7.png</path>
	<source>
		<database>Unknown</database>
	</source>
	<size>
		<width>500</width>
		<height>232</height>
		<depth>3</depth>
	</size>
	<segmented>0</segmented>
	<object>
		<name>licence</name>
		<pose>Unspecified</pose>
		<truncated>0</truncated>
		<difficult>0</difficult>
		<bndbox>
			<xmin>203</xmin>
			<ymin>107</ymin>
			<xmax>306</xmax>
			<ymax>135</ymax>
		</bndbox>
	</object>
</annotation>
