<annotation>
	<folder>train</folder>
	<filename>Cars0.png</filename>
	<path>/Users/vipulchauhan/Desktop/Project/pythonProject/Automatic-Licence-Plate-Recognition/training/images/train/Cars0.png</path>
	<source>
		<database>Unknown</database>
	</source>
	<size>
		<width>500</width>
		<height>268</height>
		<depth>3</depth>
	</size>
	<segmented>0</segmented>
	<object>
		<name>licence</name>
		<pose>Unspecified</pose>
		<truncated>0</truncated>
		<difficult>0</difficult>
		<bndbox>
			<xmin>221</xmin>
			<ymin>117</ymin>
			<xmax>423</xmax>
			<ymax>185</ymax>
		</bndbox>
	</object>
</annotation>
